BinCenter (ps);Histo01;Histo02;Histo03;Histo04
3;10;11;0;0
9;14;19;0;1
15;13;10;0;0
21;7;18;0;0
27;7;18;0;0
33;18;14;0;0
39;13;14;0;0
45;10;20;0;1
51;7;16;0;0
57;13;12;0;0
63;3;11;0;0
69;10;17;0;0
75;13;10;0;1
81;11;20;0;0
87;13;18;0;0
93;9;16;0;1
99;9;13;0;0
105;7;12;0;0
111;7;16;0;0
117;8;17;0;1
123;6;11;1;0
129;11;19;0;0
135;9;20;0;0
141;16;21;0;0
147;11;22;0;0
153;5;17;0;0
159;14;27;0;0
165;6;13;0;0
171;10;21;0;0
177;9;12;0;0
183;9;15;0;0
189;10;25;0;0
195;14;18;0;3
201;12;14;0;0
207;9;17;0;0
213;11;19;0;2
219;6;18;1;0
225;16;24;0;3
231;7;17;0;2
237;11;24;0;3
243;9;27;0;1
249;10;9;0;2
255;7;17;0;0
261;6;23;0;0
267;9;24;0;0
273;7;19;1;0
279;13;12;0;0
285;6;24;2;0
291;5;17;0;0
297;9;15;2;0
303;10;19;0;0
309;10;17;0;0
315;4;20;1;0
321;10;18;1;0
327;7;6;1;0
333;10;17;0;1
339;9;14;1;0
345;14;17;0;1
351;11;17;0;0
357;9;16;1;1
363;6;20;1;1
369;21;29;0;0
375;6;20;0;0
381;11;18;1;0
387;13;12;1;0
393;10;18;0;0
399;9;19;1;0
405;11;17;0;0
411;7;17;1;0
417;9;26;0;0
423;8;15;0;1
429;14;21;1;0
435;11;20;0;0
441;12;7;0;0
447;11;14;0;0
453;11;18;0;1
459;8;20;0;0
465;11;16;0;0
471;15;23;0;0
477;12;9;0;0
483;7;17;0;0
489;12;18;0;0
495;11;19;0;0
501;6;22;0;0
507;14;17;0;0
513;7;14;0;0
519;12;20;0;1
525;14;19;0;1
531;8;14;0;1
537;13;28;0;2
543;13;18;0;4
549;10;15;1;2
555;11;21;0;4
561;7;17;1;1
567;11;27;1;2
573;11;22;0;1
579;11;21;0;1
585;8;21;0;0
591;12;18;0;1
597;17;23;0;1
603;7;21;0;0
609;14;14;0;0
615;14;20;0;0
621;6;11;0;1
627;8;13;0;0
633;7;18;1;0
639;9;13;0;2
645;9;20;0;0
651;12;17;1;1
657;9;26;1;10
663;12;19;0;11
669;9;20;0;8
675;10;13;0;44
681;9;22;0;74
687;9;20;0;146
693;7;17;0;178
699;6;19;0;265
705;9;12;0;450
711;10;24;1;585
717;9;13;0;655
723;9;22;0;749
729;10;13;0;706
735;11;21;0;677
741;7;10;0;562
747;9;25;2;411
753;8;21;1;298
759;11;17;0;224
765;6;12;0;143
771;8;17;0;76
777;12;17;0;29
783;8;17;1;26
789;7;14;0;13
795;14;23;0;8
801;8;20;0;3
807;10;18;0;0
813;8;16;0;2
819;10;21;0;1
825;12;17;0;0
831;12;20;1;1
837;6;17;0;1
843;6;19;0;0
849;14;15;0;2
855;12;13;1;1
861;9;16;0;1
867;14;20;0;1
873;10;21;0;0
879;7;17;1;0
885;6;19;1;1
891;11;26;0;0
897;9;14;0;0
903;9;22;0;0
909;16;24;0;0
915;8;16;0;1
921;7;13;0;1
927;9;16;0;0
933;5;17;2;0
939;4;15;0;1
945;8;11;0;0
951;11;20;1;1
957;10;16;0;2
963;9;16;1;0
969;11;21;1;0
975;11;31;0;0
981;10;18;0;0
987;8;21;0;0
993;7;15;0;0
999;13;18;0;0
1005;12;12;1;0
1011;10;21;0;0
1017;5;22;1;0
1023;7;14;1;1
1029;11;20;0;1
1035;8;14;1;1
1041;6;16;0;1
1047;7;27;0;0
1053;9;13;0;0
1059;8;16;0;0
1065;3;29;0;1
1071;7;31;0;1
1077;10;22;0;1
1083;13;24;0;0
1089;6;12;0;0
1095;9;28;0;0
1101;10;15;0;0
1107;4;20;0;1
1113;10;19;0;0
1119;13;14;1;0
1125;13;13;1;1
1131;15;19;0;0
1137;6;24;0;0
1143;6;26;0;0
1149;7;17;0;0
1155;14;16;0;0
1161;6;12;0;0
1167;13;21;1;0
1173;7;17;0;0
1179;12;23;0;1
1185;8;16;2;0
1191;6;20;1;0
1197;8;16;0;0
1203;9;20;0;0
1209;9;15;0;1
1215;4;18;0;0
1221;7;20;1;1
1227;7;18;0;0
1233;10;13;0;0
1239;10;26;0;0
1245;12;18;0;0
1251;10;20;0;0
1257;18;27;0;0
1263;8;20;1;1
1269;4;19;2;0
1275;8;13;0;0
1281;9;19;0;1
1287;10;17;0;0
1293;9;20;0;0
1299;7;19;0;0
1305;13;13;0;0
1311;10;25;1;0
1317;9;14;1;0
1323;8;18;1;0
1329;9;21;0;0
1335;5;23;0;0
1341;5;14;0;0
1347;9;18;1;0
1353;4;22;0;1
1359;4;25;0;0
1365;7;21;0;0
1371;7;23;0;0
1377;10;19;0;0
1383;8;13;2;0
1389;10;13;0;0
1395;10;19;0;0
1401;8;31;0;0
1407;5;24;0;1
1413;5;14;0;0
1419;8;24;0;2
1425;9;22;1;0
1431;14;19;1;0
1437;19;16;0;0
1443;7;11;0;1
1449;8;20;1;0
1455;10;24;0;0
1461;7;19;0;1
1467;9;20;0;0
1473;12;21;1;0
1479;12;14;0;1
1485;10;25;0;0
1491;13;17;1;0
1497;13;18;0;1
1503;6;25;0;1
1509;6;20;0;0
1515;8;16;0;0
1521;11;21;1;0
1527;14;15;0;1
1533;9;15;1;1
1539;7;16;0;0
1545;9;13;1;1
1551;10;19;0;0
1557;8;27;1;0
1563;8;17;0;0
1569;8;15;0;0
1575;9;29;0;0
1581;12;13;0;0
1587;8;14;1;1
1593;10;15;0;0
1599;4;14;0;0
1605;7;25;1;0
1611;7;21;1;0
1617;16;22;1;0
1623;9;20;1;0
1629;8;14;0;0
1635;6;14;0;0
1641;10;17;0;0
1647;9;19;1;1
1653;8;21;0;0
1659;12;21;1;0
1665;5;13;0;0
1671;10;24;0;2
1677;6;13;0;0
1683;5;20;1;0
1689;12;16;0;1
1695;4;16;0;0
1701;8;19;1;0
1707;6;13;0;0
1713;8;16;2;0
1719;9;23;0;0
1725;12;18;0;0
1731;9;22;0;0
1737;7;22;0;0
1743;9;27;0;0
1749;12;21;0;2
1755;7;18;0;1
1761;9;13;0;1
1767;6;21;1;0
1773;5;29;0;0
1779;6;28;1;0
1785;10;24;0;0
1791;10;13;0;0
1797;12;26;0;0
1803;12;19;0;0
1809;14;19;0;1
1815;11;18;0;0
1821;8;21;0;0
1827;10;19;0;0
1833;8;30;0;0
1839;10;35;0;0
1845;7;56;0;0
1851;9;82;0;1
1857;11;130;0;0
1863;8;188;0;0
1869;6;310;0;0
1875;4;629;0;0
1881;9;1337;0;0
1887;12;3250;0;0
1893;11;7337;0;2
1899;6;14481;0;0
1905;15;26906;2;1
1911;11;43917;1;0
1917;8;65501;0;0
1923;6;87131;0;0
1929;12;105598;0;0
1935;11;114586;1;0
1941;8;113368;0;0
1947;5;101035;0;1
1953;7;82527;0;0
1959;11;61025;0;2
1965;8;42061;0;0
1971;12;26331;0;0
1977;8;15138;0;0
1983;4;8121;0;0
1989;4;4057;0;0
1995;9;1969;1;0
2001;9;901;0;0
2007;14;426;0;0
2013;8;212;0;0
2019;11;118;0;1
2025;13;73;0;0
2031;8;46;1;1
2037;5;39;0;0
2043;10;23;0;0
2049;9;28;1;0
2055;9;22;0;0
2061;10;31;0;1
2067;9;36;0;0
2073;6;71;0;0
2079;5;109;0;2
2085;12;124;0;0
2091;11;143;0;1
2097;11;202;0;0
2103;11;239;0;0
2109;11;230;0;0
2115;8;243;1;0
2121;14;257;0;0
2127;4;210;1;0
2133;10;167;0;0
2139;7;121;0;0
2145;11;95;0;0
2151;11;80;0;0
2157;5;57;0;0
2163;10;30;0;0
2169;9;29;0;0
2175;8;29;1;0
2181;17;18;0;0
2187;13;25;0;0
2193;10;21;1;0
2199;4;20;0;0
2205;7;16;0;0
2211;12;20;0;0
2217;12;13;0;0
2223;10;22;0;0
2229;7;25;0;0
2235;6;11;0;0
2241;7;17;2;0
2247;12;18;0;1
2253;11;17;0;1
2259;10;12;0;0
2265;10;23;0;0
2271;9;15;0;0
2277;8;21;0;0
2283;6;9;0;0
2289;12;12;0;1
2295;7;19;0;2
2301;11;16;0;1
2307;9;18;0;1
2313;10;17;0;0
2319;10;18;0;0
2325;11;17;0;0
2331;10;15;0;0
2337;8;10;0;0
2343;16;22;1;0
2349;5;16;0;0
2355;8;20;0;0
2361;7;18;0;0
2367;13;13;0;0
2373;9;23;0;0
2379;6;15;0;0
2385;9;21;0;0
2391;12;40;1;1
2397;14;41;0;0
2403;9;72;0;0
2409;13;75;0;1
2415;9;104;0;1
2421;9;133;1;0
2427;6;181;0;0
2433;9;219;0;1
2439;11;200;0;0
2445;6;177;0;1
2451;9;184;0;0
2457;11;121;1;1
2463;12;101;0;0
2469;10;76;0;0
2475;7;60;0;0
2481;11;50;1;0
2487;9;37;0;0
2493;4;22;0;0
2499;7;21;0;0
2505;17;21;0;1
2511;11;19;0;0
2517;16;17;0;0
2523;10;12;0;0
2529;7;22;1;1
2535;7;17;1;0
2541;4;17;1;0
2547;11;16;0;1
2553;15;14;0;0
2559;19;20;0;0
2565;24;18;0;0
2571;26;20;0;0
2577;48;15;0;0
2583;62;15;0;0
2589;101;17;1;0
2595;186;15;0;0
2601;393;16;0;0
2607;963;23;0;0
2613;2116;20;1;0
2619;4403;19;0;0
2625;8353;17;0;0
2631;14700;11;0;1
2637;23243;18;0;1
2643;34290;9;0;0
2649;45141;19;0;0
2655;54452;22;0;0
2661;60166;19;0;0
2667;60797;10;0;0
2673;56106;16;0;0
2679;47952;19;1;1
2685;37720;20;0;0
2691;27129;15;0;1
2697;17921;24;0;0
2703;10974;20;0;0
2709;6430;21;0;0
2715;3445;13;0;0
2721;1750;19;0;0
2727;959;19;0;0
2733;452;11;1;1
2739;290;16;0;0
2745;162;20;0;0
2751;137;18;0;1
2757;101;18;0;0
2763;64;24;0;0
2769;46;13;0;0
2775;41;24;0;0
2781;21;15;0;0
2787;17;18;0;0
2793;16;19;2;1
2799;20;14;0;0
2805;17;21;1;0
2811;11;14;0;1
2817;18;21;0;1
2823;12;24;0;0
2829;11;13;0;1
2835;16;26;0;1
2841;7;16;0;1
2847;11;18;0;1
2853;11;17;0;0
2859;7;23;0;0
2865;14;18;0;1
2871;5;14;1;1
2877;3;16;0;0
2883;9;16;1;0
2889;16;21;0;0
2895;6;16;0;3
2901;8;24;0;1
2907;7;13;0;0
2913;6;30;0;0
2919;14;26;0;0
2925;23;18;1;0
2931;25;25;0;0
2937;19;16;0;1
2943;13;12;0;3
2949;12;15;0;0
2955;27;13;1;0
2961;37;17;1;0
2967;27;21;0;0
2973;37;22;0;0
2979;31;20;0;0
2985;40;15;0;0
2991;33;23;0;0
2997;21;19;0;0
3003;25;18;0;1
3009;24;25;1;0
3015;20;35;0;0
3021;12;20;0;0
3027;7;20;0;0
3033;12;16;0;0
3039;14;11;0;0
3045;5;20;0;0
3051;11;18;0;0
3057;7;22;0;0
3063;17;21;0;1
3069;7;16;0;0
3075;15;27;0;1
3081;13;11;0;0
3087;11;8;0;1
3093;7;23;0;0
3099;6;20;0;0
3105;10;13;0;0
3111;11;16;1;0
3117;12;16;1;0
3123;9;19;0;0
3129;10;23;0;0
3135;11;13;0;0
3141;8;16;0;1
3147;13;13;0;0
3153;9;15;0;0
3159;7;21;0;0
3165;8;21;0;0
3171;9;17;1;0
3177;9;16;0;0
3183;10;25;1;0
3189;7;25;0;0
3195;5;20;0;0
3201;10;20;1;0
3207;8;23;0;0
3213;8;12;0;0
3219;11;23;1;0
3225;11;12;0;0
3231;13;14;2;0
3237;10;18;0;0
3243;8;8;0;1
3249;11;18;0;0
3255;8;11;0;1
3261;8;13;1;1
3267;11;19;0;1
3273;8;26;0;0
3279;14;20;0;1
3285;5;14;0;0
3291;5;20;0;0
3297;14;17;0;0
3303;10;26;0;0
3309;3;16;0;0
3315;8;20;0;0
3321;8;16;0;0
3327;8;15;0;0
3333;8;21;0;0
3339;10;12;0;0
3345;10;17;0;0
3351;11;17;0;0
3357;9;20;0;0
3363;15;25;0;0
3369;5;22;0;1
3375;11;11;0;0
3381;11;21;0;0
3387;6;12;0;0
3393;14;21;0;1
3399;15;18;0;0
3405;8;21;0;0
3411;13;12;0;1
3417;10;13;0;0
3423;9;17;0;0
3429;11;12;0;0
3435;12;25;0;0
3441;4;22;0;1
3447;8;12;0;1
3453;16;13;0;0
3459;11;19;0;0
3465;10;17;0;0
3471;7;16;1;0
3477;8;12;0;1
3483;7;14;2;0
3489;7;25;0;1
3495;9;20;0;0
3501;10;20;0;0
3507;9;15;1;1
3513;7;14;0;0
3519;9;29;1;1
3525;7;22;0;0
3531;9;22;1;0
3537;7;22;0;0
3543;11;19;0;0
3549;11;18;0;0
3555;6;17;0;0
3561;8;30;1;1
3567;3;14;0;0
3573;4;18;0;0
3579;4;25;0;0
3585;8;22;0;0
3591;8;14;0;1
3597;16;21;0;1
3603;9;21;0;0
3609;10;20;0;0
3615;14;14;0;0
3621;9;19;0;0
3627;12;13;1;2
3633;6;16;0;1
3639;5;19;0;0
3645;12;14;0;0
3651;10;22;0;0
3657;11;14;0;0
3663;15;25;0;0
3669;10;19;0;0
3675;4;16;0;1
3681;8;12;0;1
3687;11;18;0;0
3693;9;17;0;1
3699;14;17;0;0
3705;7;14;0;0
3711;7;10;0;0
3717;7;19;0;1
3723;10;22;0;0
3729;11;19;1;2
3735;10;13;0;0
3741;8;18;0;0
3747;8;16;0;1
3753;5;16;0;1
3759;5;15;0;1
3765;11;16;0;0
3771;8;14;0;0
3777;12;20;0;0
3783;5;21;0;0
3789;11;15;0;1
3795;7;16;0;1
3801;12;20;0;0
3807;5;15;0;1
3813;17;26;1;0
3819;8;21;0;0
3825;10;13;0;0
3831;9;22;0;0
3837;13;25;0;0
3843;12;11;0;0
3849;10;18;1;0
3855;7;20;0;0
3861;7;13;0;0
3867;6;13;0;1
3873;7;20;1;0
3879;8;19;0;0
3885;11;21;0;0
3891;4;13;1;0
3897;14;10;0;1
3903;15;23;1;0
3909;8;14;0;0
3915;2;22;1;0
3921;14;20;0;0
3927;8;17;0;0
3933;11;22;0;1
3939;8;17;0;0
3945;12;20;1;0
3951;11;16;0;0
3957;13;17;0;0
3963;9;15;1;1
3969;11;17;0;0
3975;4;14;0;0
3981;14;14;0;0
3987;7;18;1;0
3993;9;21;0;0
3999;15;13;0;0
4005;4;19;0;0
4011;16;23;0;0
4017;8;23;0;0
4023;8;14;0;0
4029;5;20;0;0
4035;8;16;1;0
4041;7;21;1;0
4047;12;13;1;1
4053;9;18;0;0
4059;10;22;0;1
4065;9;15;0;0
4071;8;19;1;0
4077;14;16;0;1
4083;8;17;0;0
4089;8;16;0;0
4095;5;15;0;0
4101;12;21;0;0
4107;12;20;1;0
4113;7;14;1;0
4119;8;20;0;0
4125;12;31;1;1
4131;10;22;0;0
4137;10;17;0;1
4143;9;17;0;0
4149;9;12;0;1
4155;11;13;0;0
4161;6;20;0;0
4167;10;11;0;0
4173;4;19;0;0
4179;7;22;0;1
4185;2;22;0;0
4191;6;16;0;2
4197;12;13;0;0
4203;11;19;0;2
4209;16;21;2;0
4215;6;19;0;0
4221;5;12;0;0
4227;5;21;0;0
4233;9;13;0;1
4239;10;16;0;0
4245;12;14;1;0
4251;3;25;0;0
4257;13;17;0;0
4263;10;14;0;0
4269;12;27;0;0
4275;7;7;0;0
4281;11;21;0;0
4287;6;17;0;0
4293;5;30;0;0
4299;8;18;1;0
4305;14;18;0;0
4311;15;12;0;0
4317;9;18;0;0
4323;6;17;1;2
4329;7;20;0;0
4335;4;25;0;0
4341;9;10;1;0
4347;11;15;0;1
4353;8;22;1;0
4359;9;21;1;0
4365;7;17;0;0
4371;6;15;0;1
4377;8;17;0;1
4383;8;14;1;0
4389;14;22;1;0
4395;8;26;0;0
4401;10;16;0;1
4407;15;15;0;0
4413;7;19;0;0
4419;8;17;1;0
4425;3;14;0;1
4431;15;8;0;0
4437;9;26;0;0
4443;8;29;0;0
4449;13;16;0;0
4455;7;9;0;0
4461;9;18;0;0
4467;8;28;1;1
4473;12;26;0;0
4479;8;26;1;1
4485;13;19;0;0
4491;4;24;0;1
4497;6;20;0;0
4503;8;20;0;1
4509;14;18;0;0
4515;4;23;0;0
4521;10;14;0;0
4527;10;18;0;0
4533;16;21;0;1
4539;14;19;0;0
4545;13;30;0;0
4551;11;8;0;0
4557;10;15;0;0
4563;10;18;0;0
4569;14;27;0;0
4575;7;16;1;0
4581;11;22;1;0
4587;9;21;0;0
4593;10;19;0;0
4599;12;11;0;0
4605;9;20;0;0
4611;7;19;1;0
4617;9;18;1;0
4623;5;20;0;0
4629;13;23;0;1
4635;19;19;0;1
4641;11;16;1;1
4647;12;24;1;1
4653;6;15;1;1
4659;11;18;0;0
4665;14;14;0;0
4671;9;22;0;0
4677;10;27;0;0
4683;14;17;0;0
4689;9;17;0;0
4695;11;14;0;0
4701;14;19;0;0
4707;7;21;0;2
4713;9;21;0;1
4719;15;18;0;0
4725;7;16;0;0
4731;13;19;0;0
4737;7;16;0;0
4743;7;29;1;1
4749;6;12;0;0
4755;6;17;0;0
4761;8;14;0;0
4767;9;17;1;0
4773;4;18;0;0
4779;7;20;0;0
4785;10;18;1;0
4791;9;16;0;2
4797;12;14;0;0
4803;6;21;0;0
4809;9;17;0;0
4815;10;22;0;1
4821;10;11;0;1
4827;6;20;0;0
4833;6;10;0;0
4839;6;25;0;0
4845;13;24;1;0
4851;13;12;0;0
4857;7;15;0;0
4863;11;13;0;0
4869;10;26;1;1
4875;9;21;0;0
4881;9;15;1;0
4887;11;18;1;0
4893;10;18;0;0
4899;7;14;0;1
4905;12;28;0;0
4911;7;18;0;0
4917;8;18;0;0
4923;11;18;1;0
4929;8;18;1;0
4935;6;21;0;0
4941;10;17;1;1
4947;13;16;0;1
4953;6;13;0;1
4959;5;21;1;0
4965;10;14;0;0
4971;9;13;0;0
4977;8;25;0;0
4983;14;16;0;0
4989;11;15;0;0
4995;8;15;1;0
5001;7;12;0;0
5007;7;28;1;1
5013;7;21;0;1
5019;13;24;0;0
5025;7;19;0;0
5031;7;26;0;0
5037;8;28;0;0
5043;11;24;0;2
5049;7;14;0;1
5055;7;19;0;1
5061;12;21;0;0
5067;11;26;1;0
5073;13;12;0;0
5079;13;21;0;1
5085;9;14;0;0
5091;11;11;0;0
5097;5;25;0;0
5103;9;15;0;1
5109;12;25;0;0
5115;6;20;0;0
5121;8;14;1;0
5127;10;17;0;0
5133;5;23;0;0
5139;12;16;1;0
5145;7;17;0;0
5151;7;21;0;0
5157;7;14;2;0
5163;8;15;1;1
5169;10;15;0;0
5175;10;16;0;0
5181;10;24;0;0
5187;13;16;0;0
5193;13;20;0;0
5199;16;20;1;0
5205;11;15;0;0
5211;7;18;0;0
5217;4;19;1;1
5223;15;15;0;0
5229;5;19;0;0
5235;8;25;1;0
5241;8;19;0;1
5247;8;11;1;0
5253;13;29;0;0
5259;5;20;1;0
5265;14;19;1;0
5271;16;26;0;1
5277;11;12;0;0
5283;11;18;0;1
5289;11;25;1;0
5295;17;20;0;0
5301;16;12;0;0
5307;9;15;0;0
5313;10;7;0;0
5319;5;15;0;1
5325;7;27;0;0
5331;12;12;0;0
5337;14;18;0;1
5343;7;10;0;0
5349;7;23;0;0
5355;8;17;0;0
5361;10;17;0;0
5367;7;16;1;0
5373;8;20;1;0
5379;8;17;1;0
5385;11;20;0;0
5391;11;12;2;0
5397;11;27;0;0
5403;15;16;0;0
5409;16;19;0;0
5415;11;15;1;0
5421;9;14;0;0
5427;11;19;1;0
5433;11;20;0;1
5439;8;21;0;0
5445;10;25;0;0
5451;5;23;1;0
5457;10;17;0;0
5463;12;27;1;0
5469;11;13;0;0
5475;9;21;0;1
5481;10;24;1;1
5487;11;21;0;0
5493;10;15;0;0
5499;6;25;1;0
5505;7;10;0;1
5511;9;20;0;0
5517;8;24;0;0
5523;11;18;0;0
5529;6;25;0;0
5535;11;14;0;0
5541;14;20;0;0
5547;9;26;1;0
5553;11;14;1;0
5559;7;26;0;1
5565;12;19;0;1
5571;11;20;0;0
5577;6;21;1;0
5583;10;18;1;0
5589;10;14;0;1
5595;9;19;0;1
5601;5;20;0;0
5607;10;24;1;0
5613;7;18;0;0
5619;13;22;0;0
5625;13;20;0;0
5631;9;12;0;0
5637;7;14;0;0
5643;10;20;0;0
5649;7;18;0;0
5655;9;21;0;0
5661;5;15;1;0
5667;8;16;0;1
5673;8;21;1;0
5679;11;22;1;0
5685;5;18;1;0
5691;14;17;0;1
5697;7;19;1;1
5703;8;16;0;2
5709;14;17;0;0
5715;7;22;0;0
5721;6;12;0;0
5727;11;20;0;0
5733;9;14;1;0
5739;6;18;0;0
5745;13;15;0;1
5751;14;15;1;0
5757;12;12;0;0
5763;13;16;0;0
5769;5;27;1;0
5775;3;27;0;0
5781;10;21;0;0
5787;6;20;0;1
5793;5;20;0;0
5799;9;19;0;0
5805;6;23;0;1
5811;7;17;0;0
5817;6;26;0;0
5823;9;21;1;1
5829;6;21;0;0
5835;7;16;1;0
5841;7;14;0;0
5847;7;21;0;1
5853;12;16;0;0
5859;8;15;0;0
5865;9;22;0;1
5871;11;22;0;1
5877;9;21;1;0
5883;12;18;0;0
5889;11;14;0;0
5895;13;14;0;0
5901;5;23;0;0
5907;12;12;0;0
5913;8;20;0;0
5919;14;17;0;0
5925;9;12;0;0
5931;11;15;0;0
5937;9;25;0;0
5943;9;18;0;0
5949;12;19;0;0
5955;7;20;0;0
5961;5;20;1;0
5967;9;14;0;0
5973;8;17;0;0
5979;7;20;0;0
5985;7;22;0;0
5991;7;12;1;1
5997;8;17;1;0
6003;9;20;0;0
6009;11;19;0;0
6015;9;9;1;0
6021;12;25;0;0
6027;10;14;0;0
6033;9;18;0;0
6039;11;25;0;0
6045;7;19;0;0
6051;9;20;0;1
6057;8;22;0;0
6063;7;27;0;1
6069;10;21;0;0
6075;13;27;0;1
6081;8;19;1;0
6087;11;20;0;0
6093;13;15;0;0
6099;5;16;0;0
6105;10;17;0;1
6111;7;16;0;0
6117;10;23;0;0
6123;14;15;0;0
6129;9;21;0;0
6135;8;17;2;0
6141;10;23;0;0
6147;11;30;0;0
6153;9;20;0;1
6159;13;23;1;0
6165;9;17;0;0
6171;17;14;0;0
6177;10;20;0;0
6183;6;18;0;0
6189;12;25;0;0
6195;10;15;0;0
6201;4;20;0;1
6207;11;23;0;0
6213;6;15;0;0
6219;12;19;0;1
6225;8;21;1;0
6231;6;15;0;0
6237;9;19;0;0
6243;14;22;2;0
6249;8;12;0;0
6255;12;16;0;0
6261;10;24;1;0
6267;12;21;0;0
6273;15;25;0;0
6279;7;22;0;0
6285;8;14;0;0
6291;6;20;1;0
6297;10;15;0;1
6303;6;16;0;0
6309;6;20;1;0
6315;12;19;1;0
6321;8;11;0;0
6327;11;17;0;0
6333;9;16;0;0
6339;7;19;0;0
6345;15;17;0;0
6351;10;13;0;0
6357;8;25;1;0
6363;7;21;0;1
6369;12;17;0;0
6375;8;15;0;0
6381;10;16;0;0
6387;4;20;0;0
6393;7;14;1;0
6399;4;18;0;1
6405;9;15;0;0
6411;10;18;0;0
6417;8;23;1;0
6423;6;14;0;0
6429;11;9;0;0
6435;6;14;0;0
6441;14;19;0;0
6447;8;21;0;0
6453;12;25;0;0
6459;5;29;0;0
6465;13;12;0;0
6471;9;20;0;0
6477;6;19;0;0
6483;5;14;1;1
6489;9;15;0;0
6495;9;15;0;0
6501;3;21;0;0
6507;10;12;0;1
6513;9;19;1;0
6519;8;20;1;0
6525;9;10;0;0
6531;12;19;0;0
6537;8;23;0;0
6543;10;15;0;0
6549;7;21;0;0
6555;13;16;0;0
6561;10;21;1;0
6567;6;10;0;0
6573;10;18;0;0
6579;13;18;0;1
6585;7;26;0;0
6591;8;13;0;0
6597;13;15;0;0
6603;6;27;0;0
6609;9;14;0;1
6615;11;18;1;1
6621;10;17;0;0
6627;5;17;0;1
6633;4;19;0;0
6639;12;18;1;0
6645;11;20;0;0
6651;8;19;0;0
6657;11;25;0;1
6663;9;15;1;0
6669;6;24;0;0
6675;8;18;0;1
6681;5;15;0;0
6687;11;8;0;0
6693;7;19;0;0
6699;15;13;0;0
6705;10;19;1;0
6711;15;21;1;0
6717;14;21;1;0
6723;8;15;0;0
6729;10;25;0;0
6735;6;21;0;0
6741;10;19;0;0
6747;8;22;0;0
6753;7;17;0;0
6759;11;14;0;0
6765;13;13;0;1
6771;14;25;0;0
6777;9;19;0;0
6783;11;18;3;0
6789;6;16;1;0
6795;8;16;0;0
6801;6;27;1;1
6807;5;23;2;1
6813;8;23;0;0
6819;9;25;0;0
6825;12;15;0;0
6831;5;18;0;0
6837;6;17;0;0
6843;7;24;0;0
6849;5;18;0;0
6855;11;16;2;0
6861;10;17;1;1
6867;7;27;0;0
6873;12;18;0;0
6879;4;17;0;0
6885;5;15;0;0
6891;8;9;1;0
6897;10;23;0;0
6903;9;18;2;0
6909;11;23;0;0
6915;9;9;0;0
6921;8;21;0;0
6927;6;24;0;0
6933;8;14;0;0
6939;9;19;0;0
6945;7;22;1;0
6951;9;21;1;0
6957;9;17;1;0
6963;10;17;1;1
6969;5;30;1;1
6975;9;17;0;1
6981;10;26;1;0
6987;4;13;0;0
6993;6;21;0;0
6999;14;11;0;0
7005;9;19;1;0
7011;15;14;0;1
7017;11;18;1;0
7023;11;11;0;0
7029;10;13;0;0
7035;12;23;1;0
7041;6;23;1;1
7047;11;15;0;1
7053;9;11;0;0
7059;9;14;0;1
7065;9;22;0;2
7071;6;19;0;0
7077;12;27;0;0
7083;9;20;0;0
7089;6;16;0;0
7095;15;23;0;0
7101;9;15;0;1
7107;16;24;1;0
7113;7;26;0;0
7119;13;18;0;0
7125;8;21;0;0
7131;10;14;0;0
7137;4;24;0;0
7143;5;20;1;0
7149;14;20;1;0
7155;8;17;0;0
7161;6;15;0;0
7167;7;21;1;1
7173;13;18;0;1
7179;8;15;0;0
7185;13;21;0;0
7191;8;17;0;1
7197;10;15;0;0
7203;14;30;0;0
7209;10;20;0;0
7215;7;15;1;0
7221;7;12;0;0
7227;7;19;0;0
7233;8;15;0;1
7239;13;20;0;0
7245;8;19;0;1
7251;15;19;1;0
7257;14;20;0;0
7263;11;26;0;0
7269;7;18;0;0
7275;3;15;0;0
7281;7;21;0;0
7287;10;22;0;0
7293;5;19;0;0
7299;6;21;0;0
7305;10;18;0;0
7311;9;16;1;0
7317;7;19;0;0
7323;10;19;0;0
7329;11;20;0;0
7335;9;13;0;0
7341;9;15;0;0
7347;10;11;1;0
7353;4;19;0;0
7359;5;20;0;0
7365;10;13;0;1
7371;8;19;1;0
7377;12;20;0;0
7383;12;20;0;0
7389;12;23;0;0
7395;9;13;0;0
7401;8;13;0;0
7407;10;26;1;1
7413;13;21;0;0
7419;5;11;0;1
7425;7;15;0;1
7431;7;23;0;0
7437;5;14;0;1
7443;10;11;0;0
7449;9;18;0;0
7455;10;14;0;0
7461;6;15;0;0
7467;8;19;0;0
7473;9;28;0;1
7479;6;27;0;1
7485;6;14;0;0
7491;12;19;0;0
7497;12;25;0;0
7503;5;22;0;0
7509;6;21;0;0
7515;14;18;1;0
7521;9;21;0;0
7527;8;22;1;0
7533;16;23;0;0
7539;8;20;0;0
7545;12;20;0;0
7551;17;28;0;0
7557;7;13;0;0
7563;9;14;0;0
7569;11;19;3;0
7575;9;27;0;0
7581;13;18;0;0
7587;11;25;1;0
7593;13;19;1;0
7599;7;13;1;0
7605;12;15;0;0
7611;7;15;0;1
7617;7;13;0;0
7623;11;13;0;0
7629;7;22;0;0
7635;10;17;0;0
7641;8;16;0;0
7647;6;18;0;0
7653;10;23;0;0
7659;11;20;0;1
7665;11;17;0;0
7671;9;14;0;0
7677;5;24;0;1
7683;9;15;0;0
7689;9;15;0;1
7695;9;20;0;0
7701;10;12;0;1
7707;7;15;0;0
7713;8;20;0;1
7719;9;23;0;1
7725;9;18;0;0
7731;13;15;0;0
7737;8;24;0;0
7743;8;13;0;0
7749;11;15;0;0
7755;5;15;1;0
7761;11;28;1;0
7767;12;19;1;0
7773;9;26;0;0
7779;2;9;0;0
7785;5;23;0;0
7791;8;26;1;0
7797;9;12;0;0
7803;15;25;0;0
7809;10;10;1;1
7815;12;14;0;1
7821;9;30;0;0
7827;8;25;0;1
7833;8;15;0;1
7839;5;25;1;0
7845;13;21;0;0
7851;13;12;0;0
7857;16;13;0;1
7863;11;18;0;0
7869;11;14;1;1
7875;4;22;0;0
7881;12;19;2;0
7887;14;12;0;0
7893;9;20;1;0
7899;10;21;0;0
7905;5;17;0;0
7911;10;24;0;0
7917;10;23;0;0
7923;8;14;0;0
7929;14;21;0;0
7935;10;13;0;0
7941;9;15;0;0
7947;9;10;1;0
7953;12;15;0;0
7959;7;20;0;0
7965;10;20;1;0
7971;11;15;0;0
7977;13;18;1;0
7983;15;17;1;0
7989;9;20;1;0
7995;7;9;0;0
8001;8;11;0;1
8007;9;17;0;1
8013;6;22;0;0
8019;5;14;0;0
8025;12;23;0;0
8031;12;16;1;0
8037;9;23;0;0
8043;7;17;0;0
8049;17;13;0;0
8055;8;20;0;0
8061;6;22;1;0
8067;10;11;0;0
8073;12;26;0;0
8079;8;19;0;0
8085;12;21;1;0
8091;7;21;1;0
8097;7;14;0;0
8103;9;13;1;0
8109;9;19;2;0
8115;7;18;1;0
8121;14;13;1;0
8127;6;21;0;1
8133;9;12;0;0
8139;7;26;0;0
8145;10;26;0;0
8151;5;24;0;1
8157;7;16;0;0
8163;12;14;0;0
8169;6;19;0;0
8175;5;15;0;1
8181;13;16;0;0
8187;6;13;0;0
8193;15;16;0;0
8199;6;13;0;1
8205;11;16;0;0
8211;10;19;0;1
8217;15;21;0;0
8223;5;17;0;2
8229;12;15;0;0
8235;8;11;0;0
8241;12;25;1;0
8247;5;15;0;0
8253;6;15;1;1
8259;8;13;1;1
8265;4;15;0;0
8271;6;16;0;0
8277;8;20;0;0
8283;10;20;0;1
8289;4;12;0;0
8295;10;20;0;0
8301;14;18;0;0
8307;10;16;0;0
8313;12;22;0;0
8319;9;28;0;0
8325;7;11;0;0
8331;12;15;0;0
8337;5;21;0;0
8343;5;19;0;2
8349;10;12;0;0
8355;6;26;1;0
8361;13;22;0;0
8367;7;14;0;0
8373;7;18;1;0
8379;15;17;2;0
8385;12;18;0;1
8391;9;20;1;2
8397;15;21;0;0
8403;14;17;1;0
8409;14;16;0;0
8415;12;21;0;0
8421;11;16;0;1
8427;14;14;0;0
8433;5;18;0;0
8439;9;11;0;0
8445;7;27;0;0
8451;10;8;0;0
8457;9;18;0;0
8463;11;21;0;0
8469;14;18;0;0
8475;9;20;0;0
8481;9;23;0;0
8487;12;25;0;2
8493;12;23;1;1
8499;7;19;1;1
8505;13;19;0;0
8511;8;21;0;0
8517;10;22;0;0
8523;9;17;0;0
8529;9;23;1;0
8535;6;26;1;0
8541;10;16;0;0
8547;9;20;0;0
8553;4;18;1;0
8559;4;20;0;1
8565;9;19;0;1
8571;4;19;0;0
8577;9;20;0;0
8583;7;18;0;0
8589;11;13;0;0
8595;7;17;0;0
8601;10;11;0;0
8607;13;13;0;0
8613;6;23;0;0
8619;2;16;0;0
8625;10;13;0;1
8631;8;13;1;1
8637;7;13;0;0
8643;11;18;1;0
8649;7;17;0;1
8655;5;17;0;0
8661;12;15;0;0
8667;6;15;1;0
8673;9;24;0;0
8679;11;22;0;0
8685;8;15;0;0
8691;7;15;1;1
8697;6;22;0;0
8703;13;25;0;0
8709;7;22;0;0
8715;10;10;0;0
8721;9;15;0;0
8727;6;23;0;0
8733;9;19;0;0
8739;11;15;0;0
8745;20;25;0;1
8751;17;20;0;0
8757;6;20;0;0
8763;12;22;0;0
8769;11;20;0;0
8775;9;21;0;1
8781;3;22;1;0
8787;7;16;0;0
8793;9;24;2;0
8799;7;20;0;0
8805;12;22;0;0
8811;9;16;0;0
8817;10;14;0;0
8823;8;17;0;2
8829;11;16;1;0
8835;8;17;0;1
8841;13;12;0;0
8847;12;21;0;0
8853;12;20;1;0
8859;6;15;1;2
8865;11;15;0;1
8871;7;20;0;0
8877;12;17;0;2
8883;9;20;0;0
8889;10;19;0;0
8895;13;18;1;0
8901;11;12;1;0
8907;10;25;0;0
8913;13;20;0;2
8919;13;18;0;0
8925;6;11;0;0
8931;7;23;0;0
8937;7;20;1;0
8943;9;23;0;0
8949;7;17;1;1
8955;5;16;0;0
8961;12;15;0;3
8967;12;21;0;0
8973;8;25;0;0
8979;14;14;0;0
8985;8;24;1;0
8991;10;17;0;0
8997;6;28;0;0
9003;14;23;0;0
9009;10;19;0;0
9015;7;27;0;0
9021;9;24;0;0
9027;7;20;0;0
9033;6;21;2;0
9039;10;20;0;0
9045;8;26;0;1
9051;12;16;0;0
9057;9;19;0;0
9063;7;15;0;0
9069;13;17;0;0
9075;12;24;0;0
9081;10;13;0;1
9087;11;21;0;0
9093;9;17;1;0
9099;13;17;0;0
9105;9;17;0;0
9111;6;15;1;0
9117;12;15;0;0
9123;7;13;0;0
9129;7;15;2;0
9135;5;22;0;0
9141;8;17;1;1
9147;8;13;0;0
9153;8;19;0;1
9159;6;24;0;0
9165;3;26;0;0
9171;7;20;0;0
9177;10;19;0;0
9183;4;14;0;0
9189;12;11;0;0
9195;6;21;0;0
9201;15;18;0;0
9207;11;26;0;0
9213;7;22;0;0
9219;10;25;0;0
9225;12;21;0;0
9231;7;12;0;0
9237;2;18;0;0
9243;11;19;0;0
9249;11;14;0;0
9255;10;8;0;1
9261;6;18;0;0
9267;5;21;1;0
9273;4;22;0;1
9279;6;18;0;0
9285;13;14;0;0
9291;8;21;0;0
9297;8;24;0;0
9303;12;18;1;0
9309;8;25;0;0
9315;8;17;0;0
9321;11;17;0;0
9327;4;19;0;0
9333;6;15;0;0
9339;9;12;0;1
9345;10;16;0;1
9351;12;17;1;0
9357;15;15;0;1
9363;9;19;0;0
9369;18;17;0;0
9375;15;19;0;0
9381;10;12;0;1
9387;4;27;0;0
9393;18;15;1;0
9399;10;15;1;0
9405;11;23;0;0
9411;10;26;0;0
9417;4;20;0;0
9423;13;26;1;0
9429;7;15;0;1
9435;14;13;0;0
9441;4;19;0;0
9447;10;15;0;0
9453;9;25;0;0
9459;7;15;0;0
9465;5;23;0;0
9471;6;26;0;0
9477;9;23;0;0
9483;12;17;1;0
9489;10;20;0;0
9495;7;13;1;0
9501;8;20;0;0
9507;12;17;0;0
9513;7;20;0;0
9519;8;20;0;0
9525;8;16;0;0
9531;7;16;0;0
9537;9;23;0;0
9543;7;23;0;0
9549;6;20;0;1
9555;5;33;0;0
9561;13;18;0;0
9567;11;17;0;0
9573;14;18;0;2
9579;9;21;0;0
9585;8;16;0;0
9591;9;13;0;0
9597;10;17;1;0
9603;6;18;0;0
9609;7;19;2;0
9615;7;9;0;0
9621;6;15;0;0
9627;10;12;0;0
9633;7;17;0;0
9639;14;16;0;0
9645;9;20;0;0
9651;11;17;0;0
9657;8;21;0;0
9663;6;16;0;0
9669;11;24;0;1
9675;9;21;0;1
9681;10;24;0;0
9687;7;20;0;0
9693;6;22;0;0
9699;13;23;0;0
9705;4;21;2;0
9711;12;19;1;1
9717;4;20;0;1
9723;10;15;0;0
9729;9;21;0;0
9735;15;19;0;0
9741;14;13;2;0
9747;8;22;0;0
9753;9;23;0;0
9759;9;22;0;1
9765;7;23;1;0
9771;11;16;0;1
9777;10;20;0;0
9783;9;17;0;0
9789;13;17;0;0
9795;12;16;1;0
9801;14;17;0;0
9807;8;16;0;0
9813;3;13;0;1
9819;4;18;0;0
9825;13;13;0;0
9831;15;18;0;0
9837;13;16;0;0
9843;6;18;0;0
9849;3;26;0;1
9855;11;16;0;0
9861;6;25;1;2
9867;9;25;0;0
9873;8;14;0;0
9879;13;12;0;1
9885;7;19;0;0
9891;8;20;0;0
9897;11;18;1;0
9903;12;19;1;2
9909;11;18;0;1
9915;7;16;0;0
9921;13;23;1;0
9927;6;16;0;0
9933;8;18;1;0
9939;14;16;0;0
9945;9;13;1;0
9951;5;16;0;0
9957;10;15;0;0
9963;6;20;0;0
9969;9;16;0;0
9975;9;22;0;0
9981;3;15;0;2
9987;8;16;0;0
9993;8;12;0;0
9999;8;17;0;0
10005;8;10;0;0
10011;9;15;1;0
10017;8;24;0;2
10023;10;23;0;2
10029;10;12;0;0
10035;12;15;0;0
10041;6;21;0;0
10047;9;22;0;0
10053;7;20;0;1
10059;9;15;0;0
10065;13;25;2;0
10071;8;15;0;0
10077;6;22;0;0
10083;13;22;0;0
10089;10;10;0;1
10095;8;18;0;0
10101;10;12;0;0
10107;8;19;0;1
10113;12;23;0;0
10119;11;21;1;0
10125;8;19;0;0
10131;17;15;2;0
10137;7;17;0;1
10143;10;12;0;0
10149;8;18;0;0
10155;9;19;0;1
10161;10;17;0;1
10167;10;11;0;0
10173;10;23;1;0
10179;15;28;1;0
10185;9;16;0;1
10191;8;16;0;0
10197;8;18;0;0
10203;12;19;0;0
10209;10;16;0;0
10215;11;20;0;0
10221;8;21;0;0
10227;7;18;0;0
10233;7;16;0;0
10239;7;23;0;0
10245;7;13;0;0
10251;7;10;0;0
10257;11;23;0;0
10263;7;19;0;0
10269;7;10;0;1
10275;9;14;1;0
10281;10;19;0;0
10287;4;22;1;0
10293;8;18;0;0
10299;9;18;1;2
10305;12;19;0;0
10311;10;16;0;0
10317;5;12;0;0
10323;8;17;0;0
10329;6;19;0;0
10335;13;18;1;0
10341;10;15;0;0
10347;5;23;0;2
10353;10;10;0;0
10359;8;20;0;1
10365;11;20;0;0
10371;14;20;1;0
10377;12;19;0;0
10383;4;14;1;0
10389;5;24;0;0
10395;13;22;0;0
10401;11;21;0;0
10407;8;16;0;0
10413;5;17;1;0
10419;9;28;0;0
10425;3;16;0;0
10431;8;20;1;0
10437;8;16;0;0
10443;11;24;1;0
10449;3;18;0;1
10455;17;21;0;0
10461;10;25;0;0
10467;11;23;0;0
10473;9;18;0;0
10479;10;15;0;0
10485;13;17;1;0
10491;7;18;0;0
10497;6;18;0;0
10503;12;22;2;0
10509;9;15;1;1
10515;12;19;1;1
10521;15;17;0;1
10527;11;14;0;1
10533;7;16;0;0
10539;13;17;0;0
10545;19;20;0;1
10551;5;16;0;0
10557;10;18;0;1
10563;10;19;0;0
10569;9;10;0;1
10575;12;14;0;0
10581;5;19;0;0
10587;7;13;0;0
10593;5;29;2;0
10599;10;18;1;1
10605;6;20;0;0
10611;9;16;0;0
10617;9;20;0;0
10623;8;16;0;0
10629;6;20;1;1
10635;16;19;0;0
10641;7;22;0;1
10647;17;28;1;0
10653;6;14;0;1
10659;10;21;0;0
10665;8;21;0;0
10671;9;16;0;0
10677;11;15;2;0
10683;10;11;0;0
10689;11;19;1;0
10695;10;17;0;0
10701;11;14;0;0
10707;5;14;0;0
10713;10;14;1;0
10719;6;18;0;2
10725;8;19;0;1
10731;10;18;0;2
10737;8;21;0;0
10743;11;18;0;0
10749;7;25;0;1
10755;7;16;1;1
10761;8;18;0;0
10767;10;16;0;0
10773;9;17;0;0
10779;8;14;0;0
10785;10;17;0;0
10791;8;18;0;0
10797;6;19;1;0
10803;11;22;0;0
10809;6;19;1;1
10815;8;21;1;0
10821;11;17;1;0
10827;10;16;0;0
10833;15;18;0;1
10839;10;16;0;0
10845;6;15;0;0
10851;10;12;0;0
10857;10;14;0;0
10863;12;21;0;0
10869;14;22;0;0
10875;4;17;0;0
10881;12;18;0;1
10887;13;17;0;0
10893;7;13;0;0
10899;9;34;0;0
10905;10;21;0;0
10911;10;21;0;0
10917;13;13;0;1
10923;7;19;0;0
10929;11;28;0;0
10935;6;17;0;1
10941;10;11;0;0
10947;9;16;0;1
10953;7;19;0;0
10959;10;24;1;1
10965;16;19;0;1
10971;14;15;0;0
10977;9;14;0;0
10983;6;14;2;0
10989;7;13;0;0
10995;10;17;0;0
11001;6;25;0;0
11007;4;17;0;0
11013;10;20;0;1
11019;7;25;0;0
11025;11;16;0;0
11031;6;14;0;0
11037;10;16;0;0
11043;13;24;1;0
11049;5;17;0;0
11055;5;18;0;0
11061;11;12;0;0
11067;6;13;1;0
11073;10;20;0;0
11079;7;20;0;0
11085;9;13;0;0
11091;4;16;0;0
11097;10;14;0;0
11103;5;24;0;2
11109;8;17;0;0
11115;10;20;0;0
11121;8;19;1;1
11127;11;11;1;1
11133;15;20;0;0
11139;10;17;0;1
11145;7;14;0;0
11151;9;20;0;0
11157;11;10;0;0
11163;8;12;0;0
11169;7;16;1;0
11175;8;14;1;0
11181;14;17;0;0
11187;9;12;0;1
11193;8;23;0;0
11199;7;22;0;0
11205;9;11;0;0
11211;7;18;0;0
11217;5;20;0;1
11223;8;21;0;0
11229;9;21;0;0
11235;8;21;0;0
11241;12;19;0;0
11247;7;18;0;1
11253;10;19;1;0
11259;10;14;1;1
11265;8;13;0;0
11271;7;14;0;0
11277;8;15;0;0
11283;8;26;1;1
11289;8;25;0;0
11295;8;12;2;0
11301;9;18;0;0
11307;6;16;0;0
11313;9;18;0;0
11319;6;18;1;1
11325;11;18;0;1
11331;9;32;0;0
11337;9;14;1;0
11343;8;12;3;0
11349;14;21;0;1
11355;9;19;0;0
11361;12;11;0;1
11367;8;17;0;0
11373;9;16;0;0
11379;11;19;0;0
11385;5;15;0;0
11391;12;16;0;0
11397;13;20;0;1
11403;4;21;0;0
11409;8;10;0;0
11415;5;27;0;0
11421;10;11;0;0
11427;9;19;0;0
11433;17;23;1;0
11439;8;16;0;0
11445;9;18;0;0
11451;15;9;0;0
11457;9;13;0;0
11463;11;19;0;0
11469;8;21;3;0
11475;4;25;0;0
11481;15;18;2;0
11487;13;22;2;0
11493;8;14;2;1
11499;5;17;3;0
11505;8;15;4;0
11511;8;17;3;0
11517;7;15;9;0
11523;15;15;17;0
11529;9;21;38;1
11535;6;18;65;0
11541;5;26;83;1
11547;6;8;204;0
11553;12;22;259;1
11559;8;22;385;1
11565;13;18;527;0
11571;4;17;607;0
11577;9;15;659;1
11583;13;15;723;0
11589;11;15;657;0
11595;14;30;599;0
11601;6;23;482;0
11607;6;14;346;1
11613;7;21;259;1
11619;9;19;150;0
11625;5;14;85;0
11631;11;18;47;0
11637;9;17;23;0
11643;7;21;11;1
11649;8;16;14;0
11655;9;16;5;0
11661;5;25;2;0
11667;6;24;3;0
11673;6;19;1;0
11679;4;18;0;1
11685;5;16;1;0
11691;14;15;0;0
11697;12;15;0;0
11703;10;19;0;0
11709;5;24;1;0
11715;4;17;0;0
11721;8;21;0;0
11727;8;13;2;0
11733;14;10;0;0
11739;9;20;1;0
11745;9;16;3;0
11751;8;15;1;0
11757;7;25;3;0
11763;9;13;1;1
11769;9;16;2;0
11775;14;16;0;0
11781;6;22;5;0
11787;11;19;2;0
11793;7;23;0;0
11799;10;20;2;0
11805;9;23;0;0
11811;5;20;0;1
11817;9;21;0;0
11823;9;21;1;0
11829;3;27;0;0
11835;5;17;0;0
11841;10;22;0;0
11847;7;12;0;0
11853;11;19;0;0
11859;10;18;1;0
11865;9;17;0;0
11871;17;16;0;1
11877;11;16;1;0
11883;9;20;0;0
11889;13;20;0;0
11895;7;18;0;1
11901;12;17;0;0
11907;10;16;1;0
11913;7;19;1;1
11919;12;7;1;0
11925;13;13;0;0
11931;9;22;0;0
11937;10;10;1;0
11943;13;17;0;0
11949;6;14;0;0
11955;9;19;1;0
11961;5;15;0;0
11967;10;19;1;0
11973;12;14;2;0
11979;8;26;0;0
11985;9;24;0;0
11991;11;17;0;0
11997;7;16;0;0
12003;14;17;0;0
12009;7;16;0;0
12015;8;12;0;0
12021;8;20;1;0
12027;5;14;0;0
12033;13;23;0;0
12039;10;23;0;0
12045;7;11;2;0
12051;10;20;0;0
12057;12;17;0;0
12063;14;17;1;0
12069;11;15;0;0
12075;4;28;3;0
12081;11;11;1;0
12087;14;23;1;0
12093;14;20;1;0
12099;6;16;1;0
12105;7;14;1;1
12111;6;17;1;0
12117;11;14;1;0
12123;10;18;0;0
12129;11;19;0;0
12135;11;18;0;1
12141;9;11;0;1
12147;4;19;0;0
12153;7;22;0;0
12159;9;15;0;0
12165;9;21;1;0
12171;5;19;0;0
12177;11;10;0;0
12183;11;19;0;1
12189;9;15;0;0
12195;4;24;1;0
12201;8;19;1;0
12207;8;18;0;0
12213;5;10;0;0
12219;14;20;0;0
12225;6;23;0;0
12231;10;21;0;3
12237;12;16;0;0
12243;8;20;1;0
12249;11;11;0;0
12255;6;18;0;0
12261;15;13;1;0
12267;4;15;0;0
12273;14;18;0;0
12279;8;20;0;0
12285;9;10;0;0
12291;14;17;0;0
12297;7;18;1;0
12303;8;18;1;0
12309;11;25;0;1
12315;11;19;0;0
12321;15;21;0;0
12327;9;12;0;1
12333;18;19;2;0
12339;9;19;0;0
12345;9;16;0;1
12351;11;26;0;0
12357;10;16;0;0
12363;9;20;0;0
12369;10;23;0;0
12375;9;18;0;0
12381;11;8;0;0
12387;14;23;0;0
12393;9;14;0;1
12399;7;18;0;1
12405;6;17;0;0
12411;8;15;0;0
12417;13;13;0;0
12423;4;20;1;0
12429;13;25;0;1
12435;15;22;0;1
12441;11;19;0;1
12447;7;17;0;0
12453;5;27;2;0
12459;13;13;0;0
12465;6;20;0;0
12471;11;10;0;1
12477;10;18;2;0
12483;10;20;0;0
12489;8;19;1;0
12495;17;14;0;1
12501;9;24;0;2
12507;7;20;0;1
12513;10;18;0;1
12519;15;26;0;4
12525;8;11;0;0
12531;8;17;0;1
12537;11;17;0;0
12543;9;11;0;0
12549;12;23;0;2
12555;8;22;0;1
12561;7;14;0;2
12567;8;18;0;1
12573;7;23;1;1
12579;9;24;1;1
12585;10;19;1;0
12591;11;22;0;1
12597;9;11;0;0
12603;7;15;0;0
12609;7;17;0;0
12615;11;17;0;0
12621;7;20;2;0
12627;11;23;1;0
12633;12;19;1;0
12639;6;14;0;1
12645;10;17;0;0
12651;8;25;0;0
12657;9;16;0;0
12663;7;16;0;0
12669;4;11;0;1
12675;9;20;0;0
12681;6;14;2;0
12687;11;16;0;2
12693;12;24;0;1
12699;12;19;1;0
12705;6;25;0;0
12711;9;20;0;0
12717;10;9;0;0
12723;4;24;0;0
12729;14;17;0;0
12735;7;12;0;0
12741;11;24;0;0
12747;7;18;1;0
12753;6;24;1;0
12759;14;18;0;0
12765;8;22;0;0
12771;13;27;2;1
12777;19;11;0;0
12783;9;14;0;0
12789;9;19;0;0
12795;8;19;0;0
12801;8;14;1;1
12807;9;20;0;1
12813;9;18;0;0
12819;10;15;0;1
12825;8;25;0;0
12831;10;24;1;1
12837;12;16;0;1
12843;9;18;0;1
12849;14;20;0;0
12855;10;16;1;0
12861;8;18;1;3
12867;4;23;1;3
12873;5;17;0;1
12879;8;15;0;2
12885;8;20;1;0
12891;12;20;0;0
12897;11;20;0;2
12903;9;10;0;0
12909;10;17;0;1
12915;9;24;0;0
12921;9;14;1;1
12927;10;16;1;0
12933;5;20;1;0
12939;6;16;0;1
12945;9;17;0;1
12951;7;21;0;2
12957;9;20;0;1
12963;16;23;0;6
12969;7;16;0;6
12975;13;22;1;18
12981;4;23;1;34
12987;13;16;0;62
12993;9;24;1;102
12999;15;19;0;174
13005;7;18;0;253
13011;15;14;0;364
13017;8;28;2;487
13023;14;24;0;633
13029;9;15;1;695
13035;8;21;0;719
13041;8;13;0;690
13047;8;16;1;578
13053;5;19;1;453
13059;11;15;0;362
13065;7;20;1;229
13071;8;16;0;167
13077;9;17;1;112
13083;11;14;0;51
13089;7;19;1;41
13095;9;15;0;9
13101;12;20;0;6
13107;9;17;0;3
13113;10;13;0;2
13119;10;29;1;4
13125;9;22;0;2
13131;8;16;0;0
13137;10;11;0;0
13143;9;21;0;0
13149;9;20;0;3
13155;10;17;0;0
13161;9;17;0;0
13167;6;20;0;0
13173;7;25;0;0
13179;14;18;0;1
13185;9;15;0;0
13191;9;11;0;0
13197;9;17;1;0
13203;7;28;0;0
13209;9;12;0;0
13215;7;18;0;0
13221;12;20;0;0
13227;10;23;1;1
13233;16;15;0;0
13239;9;20;0;0
13245;11;11;0;0
13251;12;10;0;0
13257;6;23;1;0
13263;10;20;0;0
13269;7;16;0;0
13275;12;19;0;1
13281;8;29;0;0
13287;7;16;0;0
13293;14;18;0;0
13299;7;24;0;1
13305;11;12;0;0
13311;11;17;1;1
13317;11;24;1;0
13323;9;18;1;0
13329;13;20;0;0
13335;12;22;0;0
13341;8;23;0;0
13347;9;19;0;0
13353;4;15;0;0
13359;6;13;0;0
13365;7;9;0;0
13371;11;21;0;0
13377;6;13;0;1
13383;10;16;0;0
13389;6;21;0;1
13395;10;9;0;0
13401;9;20;0;0
13407;11;29;0;0
13413;10;17;1;1
13419;9;19;1;0
13425;7;19;0;0
13431;13;34;0;1
13437;11;22;0;0
13443;8;29;1;0
13449;9;23;0;0
13455;9;18;0;0
13461;6;18;1;0
13467;8;18;0;0
13473;9;24;0;0
13479;9;18;0;1
13485;11;27;1;0
13491;18;12;0;0
13497;17;25;0;0
13503;8;14;0;0
13509;6;21;0;0
13515;9;24;0;2
13521;11;14;1;0
13527;9;16;0;0
13533;8;15;0;0
13539;5;19;0;0
13545;12;22;0;0
13551;7;10;0;0
13557;5;18;1;0
13563;9;20;0;0
13569;8;30;1;0
13575;10;15;0;0
13581;7;17;0;0
13587;15;18;0;0
13593;11;21;0;0
13599;13;16;2;0
13605;9;10;0;0
13611;10;21;0;0
13617;7;24;0;0
13623;13;16;2;0
13629;12;17;2;0
13635;9;23;0;0
13641;10;18;0;1
13647;12;21;0;0
13653;8;17;0;0
13659;10;28;0;0
13665;6;15;0;0
13671;12;16;0;1
13677;13;22;1;0
13683;12;17;0;2
13689;9;13;0;0
13695;8;24;0;1
13701;11;17;0;0
13707;11;8;0;0
13713;12;22;0;1
13719;11;13;0;2
13725;7;9;0;0
13731;9;27;0;0
13737;6;16;1;0
13743;10;17;0;0
13749;15;15;1;1
13755;9;13;1;0
13761;9;23;0;0
13767;7;20;0;0
13773;8;18;1;0
13779;14;19;0;1
13785;11;16;0;0
13791;11;18;0;0
13797;9;15;0;1
13803;13;13;1;0
13809;12;22;1;0
13815;12;21;0;0
13821;10;18;0;0
13827;6;19;0;0
13833;11;20;2;0
13839;11;12;0;0
13845;10;23;1;0
13851;11;17;1;0
13857;9;13;0;0
13863;10;14;0;0
13869;10;17;0;1
13875;8;10;0;0
13881;7;18;0;1
13887;10;13;0;1
13893;14;14;0;1
13899;13;32;0;0
13905;14;13;1;0
13911;15;21;0;0
13917;13;24;0;0
13923;6;16;1;0
13929;19;17;0;0
13935;7;11;0;0
13941;6;18;0;1
13947;6;21;2;0
13953;8;14;1;0
13959;5;14;0;1
13965;9;29;0;0
13971;15;24;0;0
13977;9;18;0;1
13983;12;20;0;0
13989;18;14;0;0
13995;4;13;0;0
14001;8;21;1;1
